,file_name,actor,emotions,emotion_id,statement,image_path
0,data/speech-emotion-recognition-ravdess-data/Actor_01/03-01-01-01-01-01-01.wav,1,neutral,1,1,data/images2/03-01-01-01-01-01-01.npy
1,data/speech-emotion-recognition-ravdess-data/Actor_01/03-01-02-01-01-01-01.wav,1,calm,2,1,data/images2/03-01-02-01-01-01-01.npy
2,data/speech-emotion-recognition-ravdess-data/Actor_01/03-01-03-01-01-01-01.wav,1,happy,3,1,data/images2/03-01-03-01-01-01-01.npy
3,data/speech-emotion-recognition-ravdess-data/Actor_01/03-01-04-01-01-01-01.wav,1,sad,4,1,data/images2/03-01-04-01-01-01-01.npy
4,data/speech-emotion-recognition-ravdess-data/Actor_01/03-01-05-01-01-01-01.wav,1,angry,5,1,data/images2/03-01-05-01-01-01-01.npy
5,data/speech-emotion-recognition-ravdess-data/Actor_01/03-01-06-01-01-01-01.wav,1,fear,6,1,data/images2/03-01-06-01-01-01-01.npy
6,data/speech-emotion-recognition-ravdess-data/Actor_01/03-01-07-01-01-01-01.wav,1,disgust,7,1,data/images2/03-01-07-01-01-01-01.npy
7,data/speech-emotion-recognition-ravdess-data/Actor_01/03-01-08-01-01-01-01.wav,1,surprise,8,1,data/images2/03-01-08-01-01-01-01.npy
8,data/speech-emotion-recognition-ravdess-data/Actor_01/03-01-01-01-02-01-01.wav,1,neutral,1,2,data/images2/03-01-01-01-02-01-01.npy
9,data/speech-emotion-recognition-ravdess-data/Actor_01/03-01-02-01-02-01-01.wav,1,calm,2,2,data/images2/03-01-02-01-02-01-01.npy
10,data/speech-emotion-recognition-ravdess-data/Actor_01/03-01-03-01-02-01-01.wav,1,happy,3,2,data/images2/03-01-03-01-02-01-01.npy
11,data/speech-emotion-recognition-ravdess-data/Actor_01/03-01-04-01-02-01-01.wav,1,sad,4,2,data/images2/03-01-04-01-02-01-01.npy
12,data/speech-emotion-recognition-ravdess-data/Actor_01/03-01-05-01-02-01-01.wav,1,angry,5,2,data/images2/03-01-05-01-02-01-01.npy
13,data/speech-emotion-recognition-ravdess-data/Actor_01/03-01-06-01-02-01-01.wav,1,fear,6,2,data/images2/03-01-06-01-02-01-01.npy
14,data/speech-emotion-recognition-ravdess-data/Actor_01/03-01-07-01-02-01-01.wav,1,disgust,7,2,data/images2/03-01-07-01-02-01-01.npy
15,data/speech-emotion-recognition-ravdess-data/Actor_01/03-01-08-01-02-01-01.wav,1,surprise,8,2,data/images2/03-01-08-01-02-01-01.npy
16,data/speech-emotion-recognition-ravdess-data/Actor_02/03-01-01-01-01-01-02.wav,2,neutral,1,1,data/images2/03-01-01-01-01-01-02.npy
17,data/speech-emotion-recognition-ravdess-data/Actor_02/03-01-02-01-01-01-02.wav,2,calm,2,1,data/images2/03-01-02-01-01-01-02.npy
18,data/speech-emotion-recognition-ravdess-data/Actor_02/03-01-03-01-01-01-02.wav,2,happy,3,1,data/images2/03-01-03-01-01-01-02.npy
19,data/speech-emotion-recognition-ravdess-data/Actor_02/03-01-04-01-01-01-02.wav,2,sad,4,1,data/images2/03-01-04-01-01-01-02.npy
20,data/speech-emotion-recognition-ravdess-data/Actor_02/03-01-05-01-01-01-02.wav,2,angry,5,1,data/images2/03-01-05-01-01-01-02.npy
21,data/speech-emotion-recognition-ravdess-data/Actor_02/03-01-06-01-01-01-02.wav,2,fear,6,1,data/images2/03-01-06-01-01-01-02.npy
22,data/speech-emotion-recognition-ravdess-data/Actor_02/03-01-07-01-01-01-02.wav,2,disgust,7,1,data/images2/03-01-07-01-01-01-02.npy
23,data/speech-emotion-recognition-ravdess-data/Actor_02/03-01-08-01-01-01-02.wav,2,surprise,8,1,data/images2/03-01-08-01-01-01-02.npy
24,data/speech-emotion-recognition-ravdess-data/Actor_02/03-01-01-01-02-01-02.wav,2,neutral,1,2,data/images2/03-01-01-01-02-01-02.npy
25,data/speech-emotion-recognition-ravdess-data/Actor_02/03-01-02-01-02-01-02.wav,2,calm,2,2,data/images2/03-01-02-01-02-01-02.npy
26,data/speech-emotion-recognition-ravdess-data/Actor_02/03-01-03-01-02-01-02.wav,2,happy,3,2,data/images2/03-01-03-01-02-01-02.npy
27,data/speech-emotion-recognition-ravdess-data/Actor_02/03-01-04-01-02-01-02.wav,2,sad,4,2,data/images2/03-01-04-01-02-01-02.npy
28,data/speech-emotion-recognition-ravdess-data/Actor_02/03-01-05-01-02-01-02.wav,2,angry,5,2,data/images2/03-01-05-01-02-01-02.npy
29,data/speech-emotion-recognition-ravdess-data/Actor_02/03-01-06-01-02-01-02.wav,2,fear,6,2,data/images2/03-01-06-01-02-01-02.npy
30,data/speech-emotion-recognition-ravdess-data/Actor_02/03-01-07-01-02-01-02.wav,2,disgust,7,2,data/images2/03-01-07-01-02-01-02.npy
31,data/speech-emotion-recognition-ravdess-data/Actor_02/03-01-08-01-02-01-02.wav,2,surprise,8,2,data/images2/03-01-08-01-02-01-02.npy
32,data/speech-emotion-recognition-ravdess-data/Actor_03/03-01-01-01-01-01-03.wav,3,neutral,1,1,data/images2/03-01-01-01-01-01-03.npy
33,data/speech-emotion-recognition-ravdess-data/Actor_03/03-01-02-01-01-01-03.wav,3,calm,2,1,data/images2/03-01-02-01-01-01-03.npy
34,data/speech-emotion-recognition-ravdess-data/Actor_03/03-01-03-01-01-01-03.wav,3,happy,3,1,data/images2/03-01-03-01-01-01-03.npy
35,data/speech-emotion-recognition-ravdess-data/Actor_03/03-01-04-01-01-01-03.wav,3,sad,4,1,data/images2/03-01-04-01-01-01-03.npy
36,data/speech-emotion-recognition-ravdess-data/Actor_03/03-01-05-01-01-01-03.wav,3,angry,5,1,data/images2/03-01-05-01-01-01-03.npy
37,data/speech-emotion-recognition-ravdess-data/Actor_03/03-01-06-01-01-01-03.wav,3,fear,6,1,data/images2/03-01-06-01-01-01-03.npy
38,data/speech-emotion-recognition-ravdess-data/Actor_03/03-01-07-01-01-01-03.wav,3,disgust,7,1,data/images2/03-01-07-01-01-01-03.npy
39,data/speech-emotion-recognition-ravdess-data/Actor_03/03-01-08-01-01-01-03.wav,3,surprise,8,1,data/images2/03-01-08-01-01-01-03.npy
40,data/speech-emotion-recognition-ravdess-data/Actor_03/03-01-01-01-02-01-03.wav,3,neutral,1,2,data/images2/03-01-01-01-02-01-03.npy
41,data/speech-emotion-recognition-ravdess-data/Actor_03/03-01-02-01-02-01-03.wav,3,calm,2,2,data/images2/03-01-02-01-02-01-03.npy
42,data/speech-emotion-recognition-ravdess-data/Actor_03/03-01-03-01-02-01-03.wav,3,happy,3,2,data/images2/03-01-03-01-02-01-03.npy
43,data/speech-emotion-recognition-ravdess-data/Actor_03/03-01-04-01-02-01-03.wav,3,sad,4,2,data/images2/03-01-04-01-02-01-03.npy
44,data/speech-emotion-recognition-ravdess-data/Actor_03/03-01-05-01-02-01-03.wav,3,angry,5,2,data/images2/03-01-05-01-02-01-03.npy
45,data/speech-emotion-recognition-ravdess-data/Actor_03/03-01-06-01-02-01-03.wav,3,fear,6,2,data/images2/03-01-06-01-02-01-03.npy
46,data/speech-emotion-recognition-ravdess-data/Actor_03/03-01-07-01-02-01-03.wav,3,disgust,7,2,data/images2/03-01-07-01-02-01-03.npy
47,data/speech-emotion-recognition-ravdess-data/Actor_03/03-01-08-01-02-01-03.wav,3,surprise,8,2,data/images2/03-01-08-01-02-01-03.npy
48,data/speech-emotion-recognition-ravdess-data/Actor_04/03-01-01-01-01-01-04.wav,4,neutral,1,1,data/images2/03-01-01-01-01-01-04.npy
49,data/speech-emotion-recognition-ravdess-data/Actor_04/03-01-02-01-01-01-04.wav,4,calm,2,1,data/images2/03-01-02-01-01-01-04.npy
50,data/speech-emotion-recognition-ravdess-data/Actor_04/03-01-03-01-01-01-04.wav,4,happy,3,1,data/images2/03-01-03-01-01-01-04.npy
51,data/speech-emotion-recognition-ravdess-data/Actor_04/03-01-04-01-01-01-04.wav,4,sad,4,1,data/images2/03-01-04-01-01-01-04.npy
52,data/speech-emotion-recognition-ravdess-data/Actor_04/03-01-05-01-01-01-04.wav,4,angry,5,1,data/images2/03-01-05-01-01-01-04.npy
53,data/speech-emotion-recognition-ravdess-data/Actor_04/03-01-06-01-01-01-04.wav,4,fear,6,1,data/images2/03-01-06-01-01-01-04.npy
54,data/speech-emotion-recognition-ravdess-data/Actor_04/03-01-07-01-01-01-04.wav,4,disgust,7,1,data/images2/03-01-07-01-01-01-04.npy
55,data/speech-emotion-recognition-ravdess-data/Actor_04/03-01-08-01-01-01-04.wav,4,surprise,8,1,data/images2/03-01-08-01-01-01-04.npy
56,data/speech-emotion-recognition-ravdess-data/Actor_04/03-01-01-01-02-01-04.wav,4,neutral,1,2,data/images2/03-01-01-01-02-01-04.npy
57,data/speech-emotion-recognition-ravdess-data/Actor_04/03-01-02-01-02-01-04.wav,4,calm,2,2,data/images2/03-01-02-01-02-01-04.npy
58,data/speech-emotion-recognition-ravdess-data/Actor_04/03-01-03-01-02-01-04.wav,4,happy,3,2,data/images2/03-01-03-01-02-01-04.npy
59,data/speech-emotion-recognition-ravdess-data/Actor_04/03-01-04-01-02-01-04.wav,4,sad,4,2,data/images2/03-01-04-01-02-01-04.npy
60,data/speech-emotion-recognition-ravdess-data/Actor_04/03-01-05-01-02-01-04.wav,4,angry,5,2,data/images2/03-01-05-01-02-01-04.npy
61,data/speech-emotion-recognition-ravdess-data/Actor_04/03-01-06-01-02-01-04.wav,4,fear,6,2,data/images2/03-01-06-01-02-01-04.npy
62,data/speech-emotion-recognition-ravdess-data/Actor_04/03-01-07-01-02-01-04.wav,4,disgust,7,2,data/images2/03-01-07-01-02-01-04.npy
63,data/speech-emotion-recognition-ravdess-data/Actor_04/03-01-08-01-02-01-04.wav,4,surprise,8,2,data/images2/03-01-08-01-02-01-04.npy
64,data/speech-emotion-recognition-ravdess-data/Actor_05/03-01-01-01-01-01-05.wav,5,neutral,1,1,data/images2/03-01-01-01-01-01-05.npy
65,data/speech-emotion-recognition-ravdess-data/Actor_05/03-01-02-01-01-01-05.wav,5,calm,2,1,data/images2/03-01-02-01-01-01-05.npy
66,data/speech-emotion-recognition-ravdess-data/Actor_05/03-01-03-01-01-01-05.wav,5,happy,3,1,data/images2/03-01-03-01-01-01-05.npy
67,data/speech-emotion-recognition-ravdess-data/Actor_05/03-01-04-01-01-01-05.wav,5,sad,4,1,data/images2/03-01-04-01-01-01-05.npy
68,data/speech-emotion-recognition-ravdess-data/Actor_05/03-01-05-01-01-01-05.wav,5,angry,5,1,data/images2/03-01-05-01-01-01-05.npy
69,data/speech-emotion-recognition-ravdess-data/Actor_05/03-01-06-01-01-01-05.wav,5,fear,6,1,data/images2/03-01-06-01-01-01-05.npy
70,data/speech-emotion-recognition-ravdess-data/Actor_05/03-01-07-01-01-01-05.wav,5,disgust,7,1,data/images2/03-01-07-01-01-01-05.npy
71,data/speech-emotion-recognition-ravdess-data/Actor_05/03-01-08-01-01-01-05.wav,5,surprise,8,1,data/images2/03-01-08-01-01-01-05.npy
72,data/speech-emotion-recognition-ravdess-data/Actor_05/03-01-01-01-02-01-05.wav,5,neutral,1,2,data/images2/03-01-01-01-02-01-05.npy
73,data/speech-emotion-recognition-ravdess-data/Actor_05/03-01-02-01-02-01-05.wav,5,calm,2,2,data/images2/03-01-02-01-02-01-05.npy
74,data/speech-emotion-recognition-ravdess-data/Actor_05/03-01-03-01-02-01-05.wav,5,happy,3,2,data/images2/03-01-03-01-02-01-05.npy
75,data/speech-emotion-recognition-ravdess-data/Actor_05/03-01-04-01-02-01-05.wav,5,sad,4,2,data/images2/03-01-04-01-02-01-05.npy
76,data/speech-emotion-recognition-ravdess-data/Actor_05/03-01-05-01-02-01-05.wav,5,angry,5,2,data/images2/03-01-05-01-02-01-05.npy
77,data/speech-emotion-recognition-ravdess-data/Actor_05/03-01-06-01-02-01-05.wav,5,fear,6,2,data/images2/03-01-06-01-02-01-05.npy
78,data/speech-emotion-recognition-ravdess-data/Actor_05/03-01-07-01-02-01-05.wav,5,disgust,7,2,data/images2/03-01-07-01-02-01-05.npy
79,data/speech-emotion-recognition-ravdess-data/Actor_05/03-01-08-01-02-01-05.wav,5,surprise,8,2,data/images2/03-01-08-01-02-01-05.npy
80,data/speech-emotion-recognition-ravdess-data/Actor_06/03-01-01-01-01-01-06.wav,6,neutral,1,1,data/images2/03-01-01-01-01-01-06.npy
81,data/speech-emotion-recognition-ravdess-data/Actor_06/03-01-02-01-01-01-06.wav,6,calm,2,1,data/images2/03-01-02-01-01-01-06.npy
82,data/speech-emotion-recognition-ravdess-data/Actor_06/03-01-03-01-01-01-06.wav,6,happy,3,1,data/images2/03-01-03-01-01-01-06.npy
83,data/speech-emotion-recognition-ravdess-data/Actor_06/03-01-04-01-01-01-06.wav,6,sad,4,1,data/images2/03-01-04-01-01-01-06.npy
84,data/speech-emotion-recognition-ravdess-data/Actor_06/03-01-05-01-01-01-06.wav,6,angry,5,1,data/images2/03-01-05-01-01-01-06.npy
85,data/speech-emotion-recognition-ravdess-data/Actor_06/03-01-06-01-01-01-06.wav,6,fear,6,1,data/images2/03-01-06-01-01-01-06.npy
86,data/speech-emotion-recognition-ravdess-data/Actor_06/03-01-07-01-01-01-06.wav,6,disgust,7,1,data/images2/03-01-07-01-01-01-06.npy
87,data/speech-emotion-recognition-ravdess-data/Actor_06/03-01-08-01-01-01-06.wav,6,surprise,8,1,data/images2/03-01-08-01-01-01-06.npy
88,data/speech-emotion-recognition-ravdess-data/Actor_06/03-01-01-01-02-01-06.wav,6,neutral,1,2,data/images2/03-01-01-01-02-01-06.npy
89,data/speech-emotion-recognition-ravdess-data/Actor_06/03-01-02-01-02-01-06.wav,6,calm,2,2,data/images2/03-01-02-01-02-01-06.npy
90,data/speech-emotion-recognition-ravdess-data/Actor_06/03-01-03-01-02-01-06.wav,6,happy,3,2,data/images2/03-01-03-01-02-01-06.npy
91,data/speech-emotion-recognition-ravdess-data/Actor_06/03-01-04-01-02-01-06.wav,6,sad,4,2,data/images2/03-01-04-01-02-01-06.npy
92,data/speech-emotion-recognition-ravdess-data/Actor_06/03-01-05-01-02-01-06.wav,6,angry,5,2,data/images2/03-01-05-01-02-01-06.npy
93,data/speech-emotion-recognition-ravdess-data/Actor_06/03-01-06-01-02-01-06.wav,6,fear,6,2,data/images2/03-01-06-01-02-01-06.npy
94,data/speech-emotion-recognition-ravdess-data/Actor_06/03-01-07-01-02-01-06.wav,6,disgust,7,2,data/images2/03-01-07-01-02-01-06.npy
95,data/speech-emotion-recognition-ravdess-data/Actor_06/03-01-08-01-02-01-06.wav,6,surprise,8,2,data/images2/03-01-08-01-02-01-06.npy
96,data/speech-emotion-recognition-ravdess-data/Actor_07/03-01-01-01-01-01-07.wav,7,neutral,1,1,data/images2/03-01-01-01-01-01-07.npy
97,data/speech-emotion-recognition-ravdess-data/Actor_07/03-01-02-01-01-01-07.wav,7,calm,2,1,data/images2/03-01-02-01-01-01-07.npy
98,data/speech-emotion-recognition-ravdess-data/Actor_07/03-01-03-01-01-01-07.wav,7,happy,3,1,data/images2/03-01-03-01-01-01-07.npy
99,data/speech-emotion-recognition-ravdess-data/Actor_07/03-01-04-01-01-01-07.wav,7,sad,4,1,data/images2/03-01-04-01-01-01-07.npy
100,data/speech-emotion-recognition-ravdess-data/Actor_07/03-01-05-01-01-01-07.wav,7,angry,5,1,data/images2/03-01-05-01-01-01-07.npy
101,data/speech-emotion-recognition-ravdess-data/Actor_07/03-01-06-01-01-01-07.wav,7,fear,6,1,data/images2/03-01-06-01-01-01-07.npy
102,data/speech-emotion-recognition-ravdess-data/Actor_07/03-01-07-01-01-01-07.wav,7,disgust,7,1,data/images2/03-01-07-01-01-01-07.npy
103,data/speech-emotion-recognition-ravdess-data/Actor_07/03-01-08-01-01-01-07.wav,7,surprise,8,1,data/images2/03-01-08-01-01-01-07.npy
104,data/speech-emotion-recognition-ravdess-data/Actor_07/03-01-01-01-02-01-07.wav,7,neutral,1,2,data/images2/03-01-01-01-02-01-07.npy
105,data/speech-emotion-recognition-ravdess-data/Actor_07/03-01-02-01-02-01-07.wav,7,calm,2,2,data/images2/03-01-02-01-02-01-07.npy
106,data/speech-emotion-recognition-ravdess-data/Actor_07/03-01-03-01-02-01-07.wav,7,happy,3,2,data/images2/03-01-03-01-02-01-07.npy
107,data/speech-emotion-recognition-ravdess-data/Actor_07/03-01-04-01-02-01-07.wav,7,sad,4,2,data/images2/03-01-04-01-02-01-07.npy
108,data/speech-emotion-recognition-ravdess-data/Actor_07/03-01-05-01-02-01-07.wav,7,angry,5,2,data/images2/03-01-05-01-02-01-07.npy
109,data/speech-emotion-recognition-ravdess-data/Actor_07/03-01-06-01-02-01-07.wav,7,fear,6,2,data/images2/03-01-06-01-02-01-07.npy
110,data/speech-emotion-recognition-ravdess-data/Actor_07/03-01-07-01-02-01-07.wav,7,disgust,7,2,data/images2/03-01-07-01-02-01-07.npy
111,data/speech-emotion-recognition-ravdess-data/Actor_07/03-01-08-01-02-01-07.wav,7,surprise,8,2,data/images2/03-01-08-01-02-01-07.npy
112,data/speech-emotion-recognition-ravdess-data/Actor_08/03-01-01-01-01-01-08.wav,8,neutral,1,1,data/images2/03-01-01-01-01-01-08.npy
113,data/speech-emotion-recognition-ravdess-data/Actor_08/03-01-02-01-01-01-08.wav,8,calm,2,1,data/images2/03-01-02-01-01-01-08.npy
114,data/speech-emotion-recognition-ravdess-data/Actor_08/03-01-03-01-01-01-08.wav,8,happy,3,1,data/images2/03-01-03-01-01-01-08.npy
115,data/speech-emotion-recognition-ravdess-data/Actor_08/03-01-04-01-01-01-08.wav,8,sad,4,1,data/images2/03-01-04-01-01-01-08.npy
116,data/speech-emotion-recognition-ravdess-data/Actor_08/03-01-05-01-01-01-08.wav,8,angry,5,1,data/images2/03-01-05-01-01-01-08.npy
117,data/speech-emotion-recognition-ravdess-data/Actor_08/03-01-06-01-01-01-08.wav,8,fear,6,1,data/images2/03-01-06-01-01-01-08.npy
118,data/speech-emotion-recognition-ravdess-data/Actor_08/03-01-07-01-01-01-08.wav,8,disgust,7,1,data/images2/03-01-07-01-01-01-08.npy
119,data/speech-emotion-recognition-ravdess-data/Actor_08/03-01-08-01-01-01-08.wav,8,surprise,8,1,data/images2/03-01-08-01-01-01-08.npy
120,data/speech-emotion-recognition-ravdess-data/Actor_08/03-01-01-01-02-01-08.wav,8,neutral,1,2,data/images2/03-01-01-01-02-01-08.npy
121,data/speech-emotion-recognition-ravdess-data/Actor_08/03-01-02-01-02-01-08.wav,8,calm,2,2,data/images2/03-01-02-01-02-01-08.npy
122,data/speech-emotion-recognition-ravdess-data/Actor_08/03-01-03-01-02-01-08.wav,8,happy,3,2,data/images2/03-01-03-01-02-01-08.npy
123,data/speech-emotion-recognition-ravdess-data/Actor_08/03-01-04-01-02-01-08.wav,8,sad,4,2,data/images2/03-01-04-01-02-01-08.npy
124,data/speech-emotion-recognition-ravdess-data/Actor_08/03-01-05-01-02-01-08.wav,8,angry,5,2,data/images2/03-01-05-01-02-01-08.npy
125,data/speech-emotion-recognition-ravdess-data/Actor_08/03-01-06-01-02-01-08.wav,8,fear,6,2,data/images2/03-01-06-01-02-01-08.npy
126,data/speech-emotion-recognition-ravdess-data/Actor_08/03-01-07-01-02-01-08.wav,8,disgust,7,2,data/images2/03-01-07-01-02-01-08.npy
127,data/speech-emotion-recognition-ravdess-data/Actor_08/03-01-08-01-02-01-08.wav,8,surprise,8,2,data/images2/03-01-08-01-02-01-08.npy
128,data/speech-emotion-recognition-ravdess-data/Actor_09/03-01-01-01-01-01-09.wav,9,neutral,1,1,data/images2/03-01-01-01-01-01-09.npy
129,data/speech-emotion-recognition-ravdess-data/Actor_09/03-01-02-01-01-01-09.wav,9,calm,2,1,data/images2/03-01-02-01-01-01-09.npy
130,data/speech-emotion-recognition-ravdess-data/Actor_09/03-01-03-01-01-01-09.wav,9,happy,3,1,data/images2/03-01-03-01-01-01-09.npy
131,data/speech-emotion-recognition-ravdess-data/Actor_09/03-01-04-01-01-01-09.wav,9,sad,4,1,data/images2/03-01-04-01-01-01-09.npy
132,data/speech-emotion-recognition-ravdess-data/Actor_09/03-01-05-01-01-01-09.wav,9,angry,5,1,data/images2/03-01-05-01-01-01-09.npy
133,data/speech-emotion-recognition-ravdess-data/Actor_09/03-01-06-01-01-01-09.wav,9,fear,6,1,data/images2/03-01-06-01-01-01-09.npy
134,data/speech-emotion-recognition-ravdess-data/Actor_09/03-01-07-01-01-01-09.wav,9,disgust,7,1,data/images2/03-01-07-01-01-01-09.npy
135,data/speech-emotion-recognition-ravdess-data/Actor_09/03-01-08-01-01-01-09.wav,9,surprise,8,1,data/images2/03-01-08-01-01-01-09.npy
136,data/speech-emotion-recognition-ravdess-data/Actor_09/03-01-01-01-02-01-09.wav,9,neutral,1,2,data/images2/03-01-01-01-02-01-09.npy
137,data/speech-emotion-recognition-ravdess-data/Actor_09/03-01-02-01-02-01-09.wav,9,calm,2,2,data/images2/03-01-02-01-02-01-09.npy
138,data/speech-emotion-recognition-ravdess-data/Actor_09/03-01-03-01-02-01-09.wav,9,happy,3,2,data/images2/03-01-03-01-02-01-09.npy
139,data/speech-emotion-recognition-ravdess-data/Actor_09/03-01-04-01-02-01-09.wav,9,sad,4,2,data/images2/03-01-04-01-02-01-09.npy
140,data/speech-emotion-recognition-ravdess-data/Actor_09/03-01-05-01-02-01-09.wav,9,angry,5,2,data/images2/03-01-05-01-02-01-09.npy
141,data/speech-emotion-recognition-ravdess-data/Actor_09/03-01-06-01-02-01-09.wav,9,fear,6,2,data/images2/03-01-06-01-02-01-09.npy
142,data/speech-emotion-recognition-ravdess-data/Actor_09/03-01-07-01-02-01-09.wav,9,disgust,7,2,data/images2/03-01-07-01-02-01-09.npy
143,data/speech-emotion-recognition-ravdess-data/Actor_09/03-01-08-01-02-01-09.wav,9,surprise,8,2,data/images2/03-01-08-01-02-01-09.npy
144,data/speech-emotion-recognition-ravdess-data/Actor_10/03-01-01-01-01-01-10.wav,10,neutral,1,1,data/images2/03-01-01-01-01-01-10.npy
145,data/speech-emotion-recognition-ravdess-data/Actor_10/03-01-02-01-01-01-10.wav,10,calm,2,1,data/images2/03-01-02-01-01-01-10.npy
146,data/speech-emotion-recognition-ravdess-data/Actor_10/03-01-03-01-01-01-10.wav,10,happy,3,1,data/images2/03-01-03-01-01-01-10.npy
147,data/speech-emotion-recognition-ravdess-data/Actor_10/03-01-04-01-01-01-10.wav,10,sad,4,1,data/images2/03-01-04-01-01-01-10.npy
148,data/speech-emotion-recognition-ravdess-data/Actor_10/03-01-05-01-01-01-10.wav,10,angry,5,1,data/images2/03-01-05-01-01-01-10.npy
149,data/speech-emotion-recognition-ravdess-data/Actor_10/03-01-06-01-01-01-10.wav,10,fear,6,1,data/images2/03-01-06-01-01-01-10.npy
150,data/speech-emotion-recognition-ravdess-data/Actor_10/03-01-07-01-01-01-10.wav,10,disgust,7,1,data/images2/03-01-07-01-01-01-10.npy
151,data/speech-emotion-recognition-ravdess-data/Actor_10/03-01-08-01-01-01-10.wav,10,surprise,8,1,data/images2/03-01-08-01-01-01-10.npy
152,data/speech-emotion-recognition-ravdess-data/Actor_10/03-01-01-01-02-01-10.wav,10,neutral,1,2,data/images2/03-01-01-01-02-01-10.npy
153,data/speech-emotion-recognition-ravdess-data/Actor_10/03-01-02-01-02-01-10.wav,10,calm,2,2,data/images2/03-01-02-01-02-01-10.npy
154,data/speech-emotion-recognition-ravdess-data/Actor_10/03-01-03-01-02-01-10.wav,10,happy,3,2,data/images2/03-01-03-01-02-01-10.npy
155,data/speech-emotion-recognition-ravdess-data/Actor_10/03-01-04-01-02-01-10.wav,10,sad,4,2,data/images2/03-01-04-01-02-01-10.npy
156,data/speech-emotion-recognition-ravdess-data/Actor_10/03-01-05-01-02-01-10.wav,10,angry,5,2,data/images2/03-01-05-01-02-01-10.npy
157,data/speech-emotion-recognition-ravdess-data/Actor_10/03-01-06-01-02-01-10.wav,10,fear,6,2,data/images2/03-01-06-01-02-01-10.npy
158,data/speech-emotion-recognition-ravdess-data/Actor_10/03-01-07-01-02-01-10.wav,10,disgust,7,2,data/images2/03-01-07-01-02-01-10.npy
159,data/speech-emotion-recognition-ravdess-data/Actor_10/03-01-08-01-02-01-10.wav,10,surprise,8,2,data/images2/03-01-08-01-02-01-10.npy
160,data/speech-emotion-recognition-ravdess-data/Actor_11/03-01-01-01-01-01-11.wav,11,neutral,1,1,data/images2/03-01-01-01-01-01-11.npy
161,data/speech-emotion-recognition-ravdess-data/Actor_11/03-01-02-01-01-01-11.wav,11,calm,2,1,data/images2/03-01-02-01-01-01-11.npy
162,data/speech-emotion-recognition-ravdess-data/Actor_11/03-01-03-01-01-01-11.wav,11,happy,3,1,data/images2/03-01-03-01-01-01-11.npy
163,data/speech-emotion-recognition-ravdess-data/Actor_11/03-01-04-01-01-01-11.wav,11,sad,4,1,data/images2/03-01-04-01-01-01-11.npy
164,data/speech-emotion-recognition-ravdess-data/Actor_11/03-01-05-01-01-01-11.wav,11,angry,5,1,data/images2/03-01-05-01-01-01-11.npy
165,data/speech-emotion-recognition-ravdess-data/Actor_11/03-01-06-01-01-01-11.wav,11,fear,6,1,data/images2/03-01-06-01-01-01-11.npy
166,data/speech-emotion-recognition-ravdess-data/Actor_11/03-01-07-01-01-01-11.wav,11,disgust,7,1,data/images2/03-01-07-01-01-01-11.npy
167,data/speech-emotion-recognition-ravdess-data/Actor_11/03-01-08-01-01-01-11.wav,11,surprise,8,1,data/images2/03-01-08-01-01-01-11.npy
168,data/speech-emotion-recognition-ravdess-data/Actor_11/03-01-01-01-02-01-11.wav,11,neutral,1,2,data/images2/03-01-01-01-02-01-11.npy
169,data/speech-emotion-recognition-ravdess-data/Actor_11/03-01-02-01-02-01-11.wav,11,calm,2,2,data/images2/03-01-02-01-02-01-11.npy
170,data/speech-emotion-recognition-ravdess-data/Actor_11/03-01-03-01-02-01-11.wav,11,happy,3,2,data/images2/03-01-03-01-02-01-11.npy
171,data/speech-emotion-recognition-ravdess-data/Actor_11/03-01-04-01-02-01-11.wav,11,sad,4,2,data/images2/03-01-04-01-02-01-11.npy
172,data/speech-emotion-recognition-ravdess-data/Actor_11/03-01-05-01-02-01-11.wav,11,angry,5,2,data/images2/03-01-05-01-02-01-11.npy
173,data/speech-emotion-recognition-ravdess-data/Actor_11/03-01-06-01-02-01-11.wav,11,fear,6,2,data/images2/03-01-06-01-02-01-11.npy
174,data/speech-emotion-recognition-ravdess-data/Actor_11/03-01-07-01-02-01-11.wav,11,disgust,7,2,data/images2/03-01-07-01-02-01-11.npy
175,data/speech-emotion-recognition-ravdess-data/Actor_11/03-01-08-01-02-01-11.wav,11,surprise,8,2,data/images2/03-01-08-01-02-01-11.npy
176,data/speech-emotion-recognition-ravdess-data/Actor_12/03-01-01-01-01-01-12.wav,12,neutral,1,1,data/images2/03-01-01-01-01-01-12.npy
177,data/speech-emotion-recognition-ravdess-data/Actor_12/03-01-02-01-01-01-12.wav,12,calm,2,1,data/images2/03-01-02-01-01-01-12.npy
178,data/speech-emotion-recognition-ravdess-data/Actor_12/03-01-03-01-01-01-12.wav,12,happy,3,1,data/images2/03-01-03-01-01-01-12.npy
179,data/speech-emotion-recognition-ravdess-data/Actor_12/03-01-04-01-01-01-12.wav,12,sad,4,1,data/images2/03-01-04-01-01-01-12.npy
180,data/speech-emotion-recognition-ravdess-data/Actor_12/03-01-05-01-01-01-12.wav,12,angry,5,1,data/images2/03-01-05-01-01-01-12.npy
181,data/speech-emotion-recognition-ravdess-data/Actor_12/03-01-06-01-01-01-12.wav,12,fear,6,1,data/images2/03-01-06-01-01-01-12.npy
182,data/speech-emotion-recognition-ravdess-data/Actor_12/03-01-07-01-01-01-12.wav,12,disgust,7,1,data/images2/03-01-07-01-01-01-12.npy
183,data/speech-emotion-recognition-ravdess-data/Actor_12/03-01-08-01-01-01-12.wav,12,surprise,8,1,data/images2/03-01-08-01-01-01-12.npy
184,data/speech-emotion-recognition-ravdess-data/Actor_12/03-01-01-01-02-01-12.wav,12,neutral,1,2,data/images2/03-01-01-01-02-01-12.npy
185,data/speech-emotion-recognition-ravdess-data/Actor_12/03-01-02-01-02-01-12.wav,12,calm,2,2,data/images2/03-01-02-01-02-01-12.npy
186,data/speech-emotion-recognition-ravdess-data/Actor_12/03-01-03-01-02-01-12.wav,12,happy,3,2,data/images2/03-01-03-01-02-01-12.npy
187,data/speech-emotion-recognition-ravdess-data/Actor_12/03-01-04-01-02-01-12.wav,12,sad,4,2,data/images2/03-01-04-01-02-01-12.npy
188,data/speech-emotion-recognition-ravdess-data/Actor_12/03-01-05-01-02-01-12.wav,12,angry,5,2,data/images2/03-01-05-01-02-01-12.npy
189,data/speech-emotion-recognition-ravdess-data/Actor_12/03-01-06-01-02-01-12.wav,12,fear,6,2,data/images2/03-01-06-01-02-01-12.npy
190,data/speech-emotion-recognition-ravdess-data/Actor_12/03-01-07-01-02-01-12.wav,12,disgust,7,2,data/images2/03-01-07-01-02-01-12.npy
191,data/speech-emotion-recognition-ravdess-data/Actor_12/03-01-08-01-02-01-12.wav,12,surprise,8,2,data/images2/03-01-08-01-02-01-12.npy
192,data/speech-emotion-recognition-ravdess-data/Actor_13/03-01-01-01-01-01-13.wav,13,neutral,1,1,data/images2/03-01-01-01-01-01-13.npy
193,data/speech-emotion-recognition-ravdess-data/Actor_13/03-01-02-01-01-01-13.wav,13,calm,2,1,data/images2/03-01-02-01-01-01-13.npy
194,data/speech-emotion-recognition-ravdess-data/Actor_13/03-01-03-01-01-01-13.wav,13,happy,3,1,data/images2/03-01-03-01-01-01-13.npy
195,data/speech-emotion-recognition-ravdess-data/Actor_13/03-01-04-01-01-01-13.wav,13,sad,4,1,data/images2/03-01-04-01-01-01-13.npy
196,data/speech-emotion-recognition-ravdess-data/Actor_13/03-01-05-01-01-01-13.wav,13,angry,5,1,data/images2/03-01-05-01-01-01-13.npy
197,data/speech-emotion-recognition-ravdess-data/Actor_13/03-01-06-01-01-01-13.wav,13,fear,6,1,data/images2/03-01-06-01-01-01-13.npy
198,data/speech-emotion-recognition-ravdess-data/Actor_13/03-01-07-01-01-01-13.wav,13,disgust,7,1,data/images2/03-01-07-01-01-01-13.npy
199,data/speech-emotion-recognition-ravdess-data/Actor_13/03-01-08-01-01-01-13.wav,13,surprise,8,1,data/images2/03-01-08-01-01-01-13.npy
200,data/speech-emotion-recognition-ravdess-data/Actor_13/03-01-01-01-02-01-13.wav,13,neutral,1,2,data/images2/03-01-01-01-02-01-13.npy
201,data/speech-emotion-recognition-ravdess-data/Actor_13/03-01-02-01-02-01-13.wav,13,calm,2,2,data/images2/03-01-02-01-02-01-13.npy
202,data/speech-emotion-recognition-ravdess-data/Actor_13/03-01-03-01-02-01-13.wav,13,happy,3,2,data/images2/03-01-03-01-02-01-13.npy
203,data/speech-emotion-recognition-ravdess-data/Actor_13/03-01-04-01-02-01-13.wav,13,sad,4,2,data/images2/03-01-04-01-02-01-13.npy
204,data/speech-emotion-recognition-ravdess-data/Actor_13/03-01-05-01-02-01-13.wav,13,angry,5,2,data/images2/03-01-05-01-02-01-13.npy
205,data/speech-emotion-recognition-ravdess-data/Actor_13/03-01-06-01-02-01-13.wav,13,fear,6,2,data/images2/03-01-06-01-02-01-13.npy
206,data/speech-emotion-recognition-ravdess-data/Actor_13/03-01-07-01-02-01-13.wav,13,disgust,7,2,data/images2/03-01-07-01-02-01-13.npy
207,data/speech-emotion-recognition-ravdess-data/Actor_13/03-01-08-01-02-01-13.wav,13,surprise,8,2,data/images2/03-01-08-01-02-01-13.npy
208,data/speech-emotion-recognition-ravdess-data/Actor_14/03-01-01-01-01-01-14.wav,14,neutral,1,1,data/images2/03-01-01-01-01-01-14.npy
209,data/speech-emotion-recognition-ravdess-data/Actor_14/03-01-02-01-01-01-14.wav,14,calm,2,1,data/images2/03-01-02-01-01-01-14.npy
210,data/speech-emotion-recognition-ravdess-data/Actor_14/03-01-03-01-01-01-14.wav,14,happy,3,1,data/images2/03-01-03-01-01-01-14.npy
211,data/speech-emotion-recognition-ravdess-data/Actor_14/03-01-04-01-01-01-14.wav,14,sad,4,1,data/images2/03-01-04-01-01-01-14.npy
212,data/speech-emotion-recognition-ravdess-data/Actor_14/03-01-05-01-01-01-14.wav,14,angry,5,1,data/images2/03-01-05-01-01-01-14.npy
213,data/speech-emotion-recognition-ravdess-data/Actor_14/03-01-06-01-01-01-14.wav,14,fear,6,1,data/images2/03-01-06-01-01-01-14.npy
214,data/speech-emotion-recognition-ravdess-data/Actor_14/03-01-07-01-01-01-14.wav,14,disgust,7,1,data/images2/03-01-07-01-01-01-14.npy
215,data/speech-emotion-recognition-ravdess-data/Actor_14/03-01-08-01-01-01-14.wav,14,surprise,8,1,data/images2/03-01-08-01-01-01-14.npy
216,data/speech-emotion-recognition-ravdess-data/Actor_14/03-01-01-01-02-01-14.wav,14,neutral,1,2,data/images2/03-01-01-01-02-01-14.npy
217,data/speech-emotion-recognition-ravdess-data/Actor_14/03-01-02-01-02-01-14.wav,14,calm,2,2,data/images2/03-01-02-01-02-01-14.npy
218,data/speech-emotion-recognition-ravdess-data/Actor_14/03-01-03-01-02-01-14.wav,14,happy,3,2,data/images2/03-01-03-01-02-01-14.npy
219,data/speech-emotion-recognition-ravdess-data/Actor_14/03-01-04-01-02-01-14.wav,14,sad,4,2,data/images2/03-01-04-01-02-01-14.npy
220,data/speech-emotion-recognition-ravdess-data/Actor_14/03-01-05-01-02-01-14.wav,14,angry,5,2,data/images2/03-01-05-01-02-01-14.npy
221,data/speech-emotion-recognition-ravdess-data/Actor_14/03-01-06-01-02-01-14.wav,14,fear,6,2,data/images2/03-01-06-01-02-01-14.npy
222,data/speech-emotion-recognition-ravdess-data/Actor_14/03-01-07-01-02-01-14.wav,14,disgust,7,2,data/images2/03-01-07-01-02-01-14.npy
223,data/speech-emotion-recognition-ravdess-data/Actor_14/03-01-08-01-02-01-14.wav,14,surprise,8,2,data/images2/03-01-08-01-02-01-14.npy
224,data/speech-emotion-recognition-ravdess-data/Actor_15/03-01-01-01-01-01-15.wav,15,neutral,1,1,data/images2/03-01-01-01-01-01-15.npy
225,data/speech-emotion-recognition-ravdess-data/Actor_15/03-01-02-01-01-01-15.wav,15,calm,2,1,data/images2/03-01-02-01-01-01-15.npy
226,data/speech-emotion-recognition-ravdess-data/Actor_15/03-01-03-01-01-01-15.wav,15,happy,3,1,data/images2/03-01-03-01-01-01-15.npy
227,data/speech-emotion-recognition-ravdess-data/Actor_15/03-01-04-01-01-01-15.wav,15,sad,4,1,data/images2/03-01-04-01-01-01-15.npy
228,data/speech-emotion-recognition-ravdess-data/Actor_15/03-01-05-01-01-01-15.wav,15,angry,5,1,data/images2/03-01-05-01-01-01-15.npy
229,data/speech-emotion-recognition-ravdess-data/Actor_15/03-01-06-01-01-01-15.wav,15,fear,6,1,data/images2/03-01-06-01-01-01-15.npy
230,data/speech-emotion-recognition-ravdess-data/Actor_15/03-01-07-01-01-01-15.wav,15,disgust,7,1,data/images2/03-01-07-01-01-01-15.npy
231,data/speech-emotion-recognition-ravdess-data/Actor_15/03-01-08-01-01-01-15.wav,15,surprise,8,1,data/images2/03-01-08-01-01-01-15.npy
232,data/speech-emotion-recognition-ravdess-data/Actor_15/03-01-01-01-02-01-15.wav,15,neutral,1,2,data/images2/03-01-01-01-02-01-15.npy
233,data/speech-emotion-recognition-ravdess-data/Actor_15/03-01-02-01-02-01-15.wav,15,calm,2,2,data/images2/03-01-02-01-02-01-15.npy
234,data/speech-emotion-recognition-ravdess-data/Actor_15/03-01-03-01-02-01-15.wav,15,happy,3,2,data/images2/03-01-03-01-02-01-15.npy
235,data/speech-emotion-recognition-ravdess-data/Actor_15/03-01-04-01-02-01-15.wav,15,sad,4,2,data/images2/03-01-04-01-02-01-15.npy
236,data/speech-emotion-recognition-ravdess-data/Actor_15/03-01-05-01-02-01-15.wav,15,angry,5,2,data/images2/03-01-05-01-02-01-15.npy
237,data/speech-emotion-recognition-ravdess-data/Actor_15/03-01-06-01-02-01-15.wav,15,fear,6,2,data/images2/03-01-06-01-02-01-15.npy
238,data/speech-emotion-recognition-ravdess-data/Actor_15/03-01-07-01-02-01-15.wav,15,disgust,7,2,data/images2/03-01-07-01-02-01-15.npy
239,data/speech-emotion-recognition-ravdess-data/Actor_15/03-01-08-01-02-01-15.wav,15,surprise,8,2,data/images2/03-01-08-01-02-01-15.npy
240,data/speech-emotion-recognition-ravdess-data/Actor_16/03-01-01-01-01-01-16.wav,16,neutral,1,1,data/images2/03-01-01-01-01-01-16.npy
241,data/speech-emotion-recognition-ravdess-data/Actor_16/03-01-02-01-01-01-16.wav,16,calm,2,1,data/images2/03-01-02-01-01-01-16.npy
242,data/speech-emotion-recognition-ravdess-data/Actor_16/03-01-03-01-01-01-16.wav,16,happy,3,1,data/images2/03-01-03-01-01-01-16.npy
243,data/speech-emotion-recognition-ravdess-data/Actor_16/03-01-04-01-01-01-16.wav,16,sad,4,1,data/images2/03-01-04-01-01-01-16.npy
244,data/speech-emotion-recognition-ravdess-data/Actor_16/03-01-05-01-01-01-16.wav,16,angry,5,1,data/images2/03-01-05-01-01-01-16.npy
245,data/speech-emotion-recognition-ravdess-data/Actor_16/03-01-06-01-01-01-16.wav,16,fear,6,1,data/images2/03-01-06-01-01-01-16.npy
246,data/speech-emotion-recognition-ravdess-data/Actor_16/03-01-07-01-01-01-16.wav,16,disgust,7,1,data/images2/03-01-07-01-01-01-16.npy
247,data/speech-emotion-recognition-ravdess-data/Actor_16/03-01-08-01-01-01-16.wav,16,surprise,8,1,data/images2/03-01-08-01-01-01-16.npy
248,data/speech-emotion-recognition-ravdess-data/Actor_16/03-01-01-01-02-01-16.wav,16,neutral,1,2,data/images2/03-01-01-01-02-01-16.npy
249,data/speech-emotion-recognition-ravdess-data/Actor_16/03-01-02-01-02-01-16.wav,16,calm,2,2,data/images2/03-01-02-01-02-01-16.npy
250,data/speech-emotion-recognition-ravdess-data/Actor_16/03-01-03-01-02-01-16.wav,16,happy,3,2,data/images2/03-01-03-01-02-01-16.npy
251,data/speech-emotion-recognition-ravdess-data/Actor_16/03-01-04-01-02-01-16.wav,16,sad,4,2,data/images2/03-01-04-01-02-01-16.npy
252,data/speech-emotion-recognition-ravdess-data/Actor_16/03-01-05-01-02-01-16.wav,16,angry,5,2,data/images2/03-01-05-01-02-01-16.npy
253,data/speech-emotion-recognition-ravdess-data/Actor_16/03-01-06-01-02-01-16.wav,16,fear,6,2,data/images2/03-01-06-01-02-01-16.npy
254,data/speech-emotion-recognition-ravdess-data/Actor_16/03-01-07-01-02-01-16.wav,16,disgust,7,2,data/images2/03-01-07-01-02-01-16.npy
255,data/speech-emotion-recognition-ravdess-data/Actor_16/03-01-08-01-02-01-16.wav,16,surprise,8,2,data/images2/03-01-08-01-02-01-16.npy
256,data/speech-emotion-recognition-ravdess-data/Actor_17/03-01-01-01-01-01-17.wav,17,neutral,1,1,data/images2/03-01-01-01-01-01-17.npy
257,data/speech-emotion-recognition-ravdess-data/Actor_17/03-01-02-01-01-01-17.wav,17,calm,2,1,data/images2/03-01-02-01-01-01-17.npy
258,data/speech-emotion-recognition-ravdess-data/Actor_17/03-01-03-01-01-01-17.wav,17,happy,3,1,data/images2/03-01-03-01-01-01-17.npy
259,data/speech-emotion-recognition-ravdess-data/Actor_17/03-01-04-01-01-01-17.wav,17,sad,4,1,data/images2/03-01-04-01-01-01-17.npy
260,data/speech-emotion-recognition-ravdess-data/Actor_17/03-01-05-01-01-01-17.wav,17,angry,5,1,data/images2/03-01-05-01-01-01-17.npy
261,data/speech-emotion-recognition-ravdess-data/Actor_17/03-01-06-01-01-01-17.wav,17,fear,6,1,data/images2/03-01-06-01-01-01-17.npy
262,data/speech-emotion-recognition-ravdess-data/Actor_17/03-01-07-01-01-01-17.wav,17,disgust,7,1,data/images2/03-01-07-01-01-01-17.npy
263,data/speech-emotion-recognition-ravdess-data/Actor_17/03-01-08-01-01-01-17.wav,17,surprise,8,1,data/images2/03-01-08-01-01-01-17.npy
264,data/speech-emotion-recognition-ravdess-data/Actor_17/03-01-01-01-02-01-17.wav,17,neutral,1,2,data/images2/03-01-01-01-02-01-17.npy
265,data/speech-emotion-recognition-ravdess-data/Actor_17/03-01-02-01-02-01-17.wav,17,calm,2,2,data/images2/03-01-02-01-02-01-17.npy
266,data/speech-emotion-recognition-ravdess-data/Actor_17/03-01-03-01-02-01-17.wav,17,happy,3,2,data/images2/03-01-03-01-02-01-17.npy
267,data/speech-emotion-recognition-ravdess-data/Actor_17/03-01-04-01-02-01-17.wav,17,sad,4,2,data/images2/03-01-04-01-02-01-17.npy
268,data/speech-emotion-recognition-ravdess-data/Actor_17/03-01-05-01-02-01-17.wav,17,angry,5,2,data/images2/03-01-05-01-02-01-17.npy
269,data/speech-emotion-recognition-ravdess-data/Actor_17/03-01-06-01-02-01-17.wav,17,fear,6,2,data/images2/03-01-06-01-02-01-17.npy
270,data/speech-emotion-recognition-ravdess-data/Actor_17/03-01-07-01-02-01-17.wav,17,disgust,7,2,data/images2/03-01-07-01-02-01-17.npy
271,data/speech-emotion-recognition-ravdess-data/Actor_17/03-01-08-01-02-01-17.wav,17,surprise,8,2,data/images2/03-01-08-01-02-01-17.npy
272,data/speech-emotion-recognition-ravdess-data/Actor_18/03-01-01-01-01-01-18.wav,18,neutral,1,1,data/images2/03-01-01-01-01-01-18.npy
273,data/speech-emotion-recognition-ravdess-data/Actor_18/03-01-02-01-01-01-18.wav,18,calm,2,1,data/images2/03-01-02-01-01-01-18.npy
274,data/speech-emotion-recognition-ravdess-data/Actor_18/03-01-03-01-01-01-18.wav,18,happy,3,1,data/images2/03-01-03-01-01-01-18.npy
275,data/speech-emotion-recognition-ravdess-data/Actor_18/03-01-04-01-01-01-18.wav,18,sad,4,1,data/images2/03-01-04-01-01-01-18.npy
276,data/speech-emotion-recognition-ravdess-data/Actor_18/03-01-05-01-01-01-18.wav,18,angry,5,1,data/images2/03-01-05-01-01-01-18.npy
277,data/speech-emotion-recognition-ravdess-data/Actor_18/03-01-06-01-01-01-18.wav,18,fear,6,1,data/images2/03-01-06-01-01-01-18.npy
278,data/speech-emotion-recognition-ravdess-data/Actor_18/03-01-07-01-01-01-18.wav,18,disgust,7,1,data/images2/03-01-07-01-01-01-18.npy
279,data/speech-emotion-recognition-ravdess-data/Actor_18/03-01-08-01-01-01-18.wav,18,surprise,8,1,data/images2/03-01-08-01-01-01-18.npy
280,data/speech-emotion-recognition-ravdess-data/Actor_18/03-01-01-01-02-01-18.wav,18,neutral,1,2,data/images2/03-01-01-01-02-01-18.npy
281,data/speech-emotion-recognition-ravdess-data/Actor_18/03-01-02-01-02-01-18.wav,18,calm,2,2,data/images2/03-01-02-01-02-01-18.npy
282,data/speech-emotion-recognition-ravdess-data/Actor_18/03-01-03-01-02-01-18.wav,18,happy,3,2,data/images2/03-01-03-01-02-01-18.npy
283,data/speech-emotion-recognition-ravdess-data/Actor_18/03-01-04-01-02-01-18.wav,18,sad,4,2,data/images2/03-01-04-01-02-01-18.npy
284,data/speech-emotion-recognition-ravdess-data/Actor_18/03-01-05-01-02-01-18.wav,18,angry,5,2,data/images2/03-01-05-01-02-01-18.npy
285,data/speech-emotion-recognition-ravdess-data/Actor_18/03-01-06-01-02-01-18.wav,18,fear,6,2,data/images2/03-01-06-01-02-01-18.npy
286,data/speech-emotion-recognition-ravdess-data/Actor_18/03-01-07-01-02-01-18.wav,18,disgust,7,2,data/images2/03-01-07-01-02-01-18.npy
287,data/speech-emotion-recognition-ravdess-data/Actor_18/03-01-08-01-02-01-18.wav,18,surprise,8,2,data/images2/03-01-08-01-02-01-18.npy
288,data/speech-emotion-recognition-ravdess-data/Actor_19/03-01-01-01-01-01-19.wav,19,neutral,1,1,data/images2/03-01-01-01-01-01-19.npy
289,data/speech-emotion-recognition-ravdess-data/Actor_19/03-01-02-01-01-01-19.wav,19,calm,2,1,data/images2/03-01-02-01-01-01-19.npy
290,data/speech-emotion-recognition-ravdess-data/Actor_19/03-01-03-01-01-01-19.wav,19,happy,3,1,data/images2/03-01-03-01-01-01-19.npy
291,data/speech-emotion-recognition-ravdess-data/Actor_19/03-01-04-01-01-01-19.wav,19,sad,4,1,data/images2/03-01-04-01-01-01-19.npy
292,data/speech-emotion-recognition-ravdess-data/Actor_19/03-01-05-01-01-01-19.wav,19,angry,5,1,data/images2/03-01-05-01-01-01-19.npy
293,data/speech-emotion-recognition-ravdess-data/Actor_19/03-01-06-01-01-01-19.wav,19,fear,6,1,data/images2/03-01-06-01-01-01-19.npy
294,data/speech-emotion-recognition-ravdess-data/Actor_19/03-01-07-01-01-01-19.wav,19,disgust,7,1,data/images2/03-01-07-01-01-01-19.npy
295,data/speech-emotion-recognition-ravdess-data/Actor_19/03-01-08-01-01-01-19.wav,19,surprise,8,1,data/images2/03-01-08-01-01-01-19.npy
296,data/speech-emotion-recognition-ravdess-data/Actor_19/03-01-01-01-02-01-19.wav,19,neutral,1,2,data/images2/03-01-01-01-02-01-19.npy
297,data/speech-emotion-recognition-ravdess-data/Actor_19/03-01-02-01-02-01-19.wav,19,calm,2,2,data/images2/03-01-02-01-02-01-19.npy
298,data/speech-emotion-recognition-ravdess-data/Actor_19/03-01-03-01-02-01-19.wav,19,happy,3,2,data/images2/03-01-03-01-02-01-19.npy
299,data/speech-emotion-recognition-ravdess-data/Actor_19/03-01-04-01-02-01-19.wav,19,sad,4,2,data/images2/03-01-04-01-02-01-19.npy
300,data/speech-emotion-recognition-ravdess-data/Actor_19/03-01-05-01-02-01-19.wav,19,angry,5,2,data/images2/03-01-05-01-02-01-19.npy
301,data/speech-emotion-recognition-ravdess-data/Actor_19/03-01-06-01-02-01-19.wav,19,fear,6,2,data/images2/03-01-06-01-02-01-19.npy
302,data/speech-emotion-recognition-ravdess-data/Actor_19/03-01-07-01-02-01-19.wav,19,disgust,7,2,data/images2/03-01-07-01-02-01-19.npy
303,data/speech-emotion-recognition-ravdess-data/Actor_19/03-01-08-01-02-01-19.wav,19,surprise,8,2,data/images2/03-01-08-01-02-01-19.npy
304,data/speech-emotion-recognition-ravdess-data/Actor_20/03-01-01-01-01-01-20.wav,20,neutral,1,1,data/images2/03-01-01-01-01-01-20.npy
305,data/speech-emotion-recognition-ravdess-data/Actor_20/03-01-02-01-01-01-20.wav,20,calm,2,1,data/images2/03-01-02-01-01-01-20.npy
306,data/speech-emotion-recognition-ravdess-data/Actor_20/03-01-03-01-01-01-20.wav,20,happy,3,1,data/images2/03-01-03-01-01-01-20.npy
307,data/speech-emotion-recognition-ravdess-data/Actor_20/03-01-04-01-01-01-20.wav,20,sad,4,1,data/images2/03-01-04-01-01-01-20.npy
308,data/speech-emotion-recognition-ravdess-data/Actor_20/03-01-05-01-01-01-20.wav,20,angry,5,1,data/images2/03-01-05-01-01-01-20.npy
309,data/speech-emotion-recognition-ravdess-data/Actor_20/03-01-06-01-01-01-20.wav,20,fear,6,1,data/images2/03-01-06-01-01-01-20.npy
310,data/speech-emotion-recognition-ravdess-data/Actor_20/03-01-07-01-01-01-20.wav,20,disgust,7,1,data/images2/03-01-07-01-01-01-20.npy
311,data/speech-emotion-recognition-ravdess-data/Actor_20/03-01-08-01-01-01-20.wav,20,surprise,8,1,data/images2/03-01-08-01-01-01-20.npy
312,data/speech-emotion-recognition-ravdess-data/Actor_20/03-01-01-01-02-01-20.wav,20,neutral,1,2,data/images2/03-01-01-01-02-01-20.npy
313,data/speech-emotion-recognition-ravdess-data/Actor_20/03-01-02-01-02-01-20.wav,20,calm,2,2,data/images2/03-01-02-01-02-01-20.npy
314,data/speech-emotion-recognition-ravdess-data/Actor_20/03-01-03-01-02-01-20.wav,20,happy,3,2,data/images2/03-01-03-01-02-01-20.npy
315,data/speech-emotion-recognition-ravdess-data/Actor_20/03-01-04-01-02-01-20.wav,20,sad,4,2,data/images2/03-01-04-01-02-01-20.npy
316,data/speech-emotion-recognition-ravdess-data/Actor_20/03-01-05-01-02-01-20.wav,20,angry,5,2,data/images2/03-01-05-01-02-01-20.npy
317,data/speech-emotion-recognition-ravdess-data/Actor_20/03-01-06-01-02-01-20.wav,20,fear,6,2,data/images2/03-01-06-01-02-01-20.npy
318,data/speech-emotion-recognition-ravdess-data/Actor_20/03-01-07-01-02-01-20.wav,20,disgust,7,2,data/images2/03-01-07-01-02-01-20.npy
319,data/speech-emotion-recognition-ravdess-data/Actor_20/03-01-08-01-02-01-20.wav,20,surprise,8,2,data/images2/03-01-08-01-02-01-20.npy
320,data/speech-emotion-recognition-ravdess-data/Actor_21/03-01-01-01-01-01-21.wav,21,neutral,1,1,data/images2/03-01-01-01-01-01-21.npy
321,data/speech-emotion-recognition-ravdess-data/Actor_21/03-01-02-01-01-01-21.wav,21,calm,2,1,data/images2/03-01-02-01-01-01-21.npy
322,data/speech-emotion-recognition-ravdess-data/Actor_21/03-01-03-01-01-01-21.wav,21,happy,3,1,data/images2/03-01-03-01-01-01-21.npy
323,data/speech-emotion-recognition-ravdess-data/Actor_21/03-01-04-01-01-01-21.wav,21,sad,4,1,data/images2/03-01-04-01-01-01-21.npy
324,data/speech-emotion-recognition-ravdess-data/Actor_21/03-01-05-01-01-01-21.wav,21,angry,5,1,data/images2/03-01-05-01-01-01-21.npy
325,data/speech-emotion-recognition-ravdess-data/Actor_21/03-01-06-01-01-01-21.wav,21,fear,6,1,data/images2/03-01-06-01-01-01-21.npy
326,data/speech-emotion-recognition-ravdess-data/Actor_21/03-01-07-01-01-01-21.wav,21,disgust,7,1,data/images2/03-01-07-01-01-01-21.npy
327,data/speech-emotion-recognition-ravdess-data/Actor_21/03-01-08-01-01-01-21.wav,21,surprise,8,1,data/images2/03-01-08-01-01-01-21.npy
328,data/speech-emotion-recognition-ravdess-data/Actor_21/03-01-01-01-02-01-21.wav,21,neutral,1,2,data/images2/03-01-01-01-02-01-21.npy
329,data/speech-emotion-recognition-ravdess-data/Actor_21/03-01-02-01-02-01-21.wav,21,calm,2,2,data/images2/03-01-02-01-02-01-21.npy
330,data/speech-emotion-recognition-ravdess-data/Actor_21/03-01-03-01-02-01-21.wav,21,happy,3,2,data/images2/03-01-03-01-02-01-21.npy
331,data/speech-emotion-recognition-ravdess-data/Actor_21/03-01-04-01-02-01-21.wav,21,sad,4,2,data/images2/03-01-04-01-02-01-21.npy
332,data/speech-emotion-recognition-ravdess-data/Actor_21/03-01-05-01-02-01-21.wav,21,angry,5,2,data/images2/03-01-05-01-02-01-21.npy
333,data/speech-emotion-recognition-ravdess-data/Actor_21/03-01-06-01-02-01-21.wav,21,fear,6,2,data/images2/03-01-06-01-02-01-21.npy
334,data/speech-emotion-recognition-ravdess-data/Actor_21/03-01-07-01-02-01-21.wav,21,disgust,7,2,data/images2/03-01-07-01-02-01-21.npy
335,data/speech-emotion-recognition-ravdess-data/Actor_21/03-01-08-01-02-01-21.wav,21,surprise,8,2,data/images2/03-01-08-01-02-01-21.npy
336,data/speech-emotion-recognition-ravdess-data/Actor_22/03-01-01-01-01-01-22.wav,22,neutral,1,1,data/images2/03-01-01-01-01-01-22.npy
337,data/speech-emotion-recognition-ravdess-data/Actor_22/03-01-02-01-01-01-22.wav,22,calm,2,1,data/images2/03-01-02-01-01-01-22.npy
338,data/speech-emotion-recognition-ravdess-data/Actor_22/03-01-03-01-01-01-22.wav,22,happy,3,1,data/images2/03-01-03-01-01-01-22.npy
339,data/speech-emotion-recognition-ravdess-data/Actor_22/03-01-04-01-01-01-22.wav,22,sad,4,1,data/images2/03-01-04-01-01-01-22.npy
340,data/speech-emotion-recognition-ravdess-data/Actor_22/03-01-05-01-01-01-22.wav,22,angry,5,1,data/images2/03-01-05-01-01-01-22.npy
341,data/speech-emotion-recognition-ravdess-data/Actor_22/03-01-06-01-01-01-22.wav,22,fear,6,1,data/images2/03-01-06-01-01-01-22.npy
342,data/speech-emotion-recognition-ravdess-data/Actor_22/03-01-07-01-01-01-22.wav,22,disgust,7,1,data/images2/03-01-07-01-01-01-22.npy
343,data/speech-emotion-recognition-ravdess-data/Actor_22/03-01-08-01-01-01-22.wav,22,surprise,8,1,data/images2/03-01-08-01-01-01-22.npy
344,data/speech-emotion-recognition-ravdess-data/Actor_22/03-01-01-01-02-01-22.wav,22,neutral,1,2,data/images2/03-01-01-01-02-01-22.npy
345,data/speech-emotion-recognition-ravdess-data/Actor_22/03-01-02-01-02-01-22.wav,22,calm,2,2,data/images2/03-01-02-01-02-01-22.npy
346,data/speech-emotion-recognition-ravdess-data/Actor_22/03-01-03-01-02-01-22.wav,22,happy,3,2,data/images2/03-01-03-01-02-01-22.npy
347,data/speech-emotion-recognition-ravdess-data/Actor_22/03-01-04-01-02-01-22.wav,22,sad,4,2,data/images2/03-01-04-01-02-01-22.npy
348,data/speech-emotion-recognition-ravdess-data/Actor_22/03-01-05-01-02-01-22.wav,22,angry,5,2,data/images2/03-01-05-01-02-01-22.npy
349,data/speech-emotion-recognition-ravdess-data/Actor_22/03-01-06-01-02-01-22.wav,22,fear,6,2,data/images2/03-01-06-01-02-01-22.npy
350,data/speech-emotion-recognition-ravdess-data/Actor_22/03-01-07-01-02-01-22.wav,22,disgust,7,2,data/images2/03-01-07-01-02-01-22.npy
351,data/speech-emotion-recognition-ravdess-data/Actor_22/03-01-08-01-02-01-22.wav,22,surprise,8,2,data/images2/03-01-08-01-02-01-22.npy
352,data/speech-emotion-recognition-ravdess-data/Actor_23/03-01-01-01-01-01-23.wav,23,neutral,1,1,data/images2/03-01-01-01-01-01-23.npy
353,data/speech-emotion-recognition-ravdess-data/Actor_23/03-01-02-01-01-01-23.wav,23,calm,2,1,data/images2/03-01-02-01-01-01-23.npy
354,data/speech-emotion-recognition-ravdess-data/Actor_23/03-01-03-01-01-01-23.wav,23,happy,3,1,data/images2/03-01-03-01-01-01-23.npy
355,data/speech-emotion-recognition-ravdess-data/Actor_23/03-01-04-01-01-01-23.wav,23,sad,4,1,data/images2/03-01-04-01-01-01-23.npy
356,data/speech-emotion-recognition-ravdess-data/Actor_23/03-01-05-01-01-01-23.wav,23,angry,5,1,data/images2/03-01-05-01-01-01-23.npy
357,data/speech-emotion-recognition-ravdess-data/Actor_23/03-01-06-01-01-01-23.wav,23,fear,6,1,data/images2/03-01-06-01-01-01-23.npy
358,data/speech-emotion-recognition-ravdess-data/Actor_23/03-01-07-01-01-01-23.wav,23,disgust,7,1,data/images2/03-01-07-01-01-01-23.npy
359,data/speech-emotion-recognition-ravdess-data/Actor_23/03-01-08-01-01-01-23.wav,23,surprise,8,1,data/images2/03-01-08-01-01-01-23.npy
360,data/speech-emotion-recognition-ravdess-data/Actor_23/03-01-01-01-02-01-23.wav,23,neutral,1,2,data/images2/03-01-01-01-02-01-23.npy
361,data/speech-emotion-recognition-ravdess-data/Actor_23/03-01-02-01-02-01-23.wav,23,calm,2,2,data/images2/03-01-02-01-02-01-23.npy
362,data/speech-emotion-recognition-ravdess-data/Actor_23/03-01-03-01-02-01-23.wav,23,happy,3,2,data/images2/03-01-03-01-02-01-23.npy
363,data/speech-emotion-recognition-ravdess-data/Actor_23/03-01-04-01-02-01-23.wav,23,sad,4,2,data/images2/03-01-04-01-02-01-23.npy
364,data/speech-emotion-recognition-ravdess-data/Actor_23/03-01-05-01-02-01-23.wav,23,angry,5,2,data/images2/03-01-05-01-02-01-23.npy
365,data/speech-emotion-recognition-ravdess-data/Actor_23/03-01-06-01-02-01-23.wav,23,fear,6,2,data/images2/03-01-06-01-02-01-23.npy
366,data/speech-emotion-recognition-ravdess-data/Actor_23/03-01-07-01-02-01-23.wav,23,disgust,7,2,data/images2/03-01-07-01-02-01-23.npy
367,data/speech-emotion-recognition-ravdess-data/Actor_23/03-01-08-01-02-01-23.wav,23,surprise,8,2,data/images2/03-01-08-01-02-01-23.npy
368,data/speech-emotion-recognition-ravdess-data/Actor_24/03-01-01-01-01-01-24.wav,24,neutral,1,1,data/images2/03-01-01-01-01-01-24.npy
369,data/speech-emotion-recognition-ravdess-data/Actor_24/03-01-02-01-01-01-24.wav,24,calm,2,1,data/images2/03-01-02-01-01-01-24.npy
370,data/speech-emotion-recognition-ravdess-data/Actor_24/03-01-03-01-01-01-24.wav,24,happy,3,1,data/images2/03-01-03-01-01-01-24.npy
371,data/speech-emotion-recognition-ravdess-data/Actor_24/03-01-04-01-01-01-24.wav,24,sad,4,1,data/images2/03-01-04-01-01-01-24.npy
372,data/speech-emotion-recognition-ravdess-data/Actor_24/03-01-05-01-01-01-24.wav,24,angry,5,1,data/images2/03-01-05-01-01-01-24.npy
373,data/speech-emotion-recognition-ravdess-data/Actor_24/03-01-06-01-01-01-24.wav,24,fear,6,1,data/images2/03-01-06-01-01-01-24.npy
374,data/speech-emotion-recognition-ravdess-data/Actor_24/03-01-07-01-01-01-24.wav,24,disgust,7,1,data/images2/03-01-07-01-01-01-24.npy
375,data/speech-emotion-recognition-ravdess-data/Actor_24/03-01-08-01-01-01-24.wav,24,surprise,8,1,data/images2/03-01-08-01-01-01-24.npy
376,data/speech-emotion-recognition-ravdess-data/Actor_24/03-01-01-01-02-01-24.wav,24,neutral,1,2,data/images2/03-01-01-01-02-01-24.npy
377,data/speech-emotion-recognition-ravdess-data/Actor_24/03-01-02-01-02-01-24.wav,24,calm,2,2,data/images2/03-01-02-01-02-01-24.npy
378,data/speech-emotion-recognition-ravdess-data/Actor_24/03-01-03-01-02-01-24.wav,24,happy,3,2,data/images2/03-01-03-01-02-01-24.npy
379,data/speech-emotion-recognition-ravdess-data/Actor_24/03-01-04-01-02-01-24.wav,24,sad,4,2,data/images2/03-01-04-01-02-01-24.npy
380,data/speech-emotion-recognition-ravdess-data/Actor_24/03-01-05-01-02-01-24.wav,24,angry,5,2,data/images2/03-01-05-01-02-01-24.npy
381,data/speech-emotion-recognition-ravdess-data/Actor_24/03-01-06-01-02-01-24.wav,24,fear,6,2,data/images2/03-01-06-01-02-01-24.npy
382,data/speech-emotion-recognition-ravdess-data/Actor_24/03-01-07-01-02-01-24.wav,24,disgust,7,2,data/images2/03-01-07-01-02-01-24.npy
383,data/speech-emotion-recognition-ravdess-data/Actor_24/03-01-08-01-02-01-24.wav,24,surprise,8,2,data/images2/03-01-08-01-02-01-24.npy
